id,first_name,last_name,email,phone
1,Cos,Geraldez,cgeraldez0@wired.com,949-721-1230
2,Albina,Dorgan,adorgan1@xinhuanet.com,477-281-3270
3,Stanwood,Caramuscia,scaramuscia2@google.ru,919-514-0807
4,Courtney,Mulqueeny,cmulqueeny3@archive.org,523-852-4207
5,Gonzalo,Abendroth,gabendroth4@blog.com,867-479-4436
6,Brocky,de Castelain,bdecastelain5@hp.com,901-712-0855
7,Willow,Houlton,whoulton6@rambler.ru,906-682-8979
8,Torin,Fincher,tfincher7@telegraph.co.uk,380-125-2023
9,Vail,McGeagh,vmcgeagh8@de.vu,800-315-4781
10,Shannen,Pridgeon,spridgeon9@tamu.edu,611-654-8049
11,Lenka,Esmond,lesmonda@unicef.org,977-671-4278
12,Claudelle,MacNamee,cmacnameeb@yale.edu,829-507-4712
13,Dedra,Cracknell,dcracknellc@drupal.org,980-835-2938
14,Samantha,Prescote,sprescoted@themeforest.net,907-991-9905
15,Dorian,Denne,ddennee@imgur.com,549-347-5609
16,Eimile,Kivelle,ekivellef@thetimes.co.uk,559-144-4528
17,Marlin,Gerwood,mgerwoodg@ovh.net,655-381-2736
18,Lancelot,Lowy,llowyh@google.com.br,699-289-2917
19,Delbert,Sanderson,dsandersoni@home.pl,137-136-7974
20,Aleksandr,Tofanini,atofaninij@nymag.com,673-952-8580
21,Wolf,Castellanos,wcastellanosk@timesonline.co.uk,840-993-7860
22,Salmon,Glusby,sglusbyl@ed.gov,641-984-3964
23,Ross,Waldram,rwaldramm@sbwire.com,260-370-5376
24,Nathan,Maiklem,nmaiklemn@comsenz.com,753-533-8289
25,Ximenez,McLevie,xmclevieo@admin.ch,450-952-1332
26,Giffer,Dockrell,gdockrellp@devhub.com,893-699-7655
27,Daphna,Orrom,dorromq@booking.com,230-310-4150
28,Ogdon,Eckert,oeckertr@whitehouse.gov,597-694-0337
29,Betsy,Hainsworth,bhainsworths@hp.com,126-232-1230
30,Kellie,Wenzel,kwenzelt@army.mil,731-642-7227
31,Roderic,Kittle,rkittleu@cbsnews.com,345-873-0417
32,Olwen,Alleyn,oalleynv@netlog.com,986-843-8095
33,Gerek,MacRedmond,gmacredmondw@washingtonpost.com,688-954-6429
34,Stillman,Standidge,sstandidgex@tmall.com,592-891-6511
35,Suki,Grishagin,sgrishaginy@opensource.org,178-471-3837
36,Fedora,Orgel,forgelz@mit.edu,223-422-8734
37,Hammad,Poland,hpoland10@cbslocal.com,652-820-1867
38,Katerina,Riehm,kriehm11@chicagotribune.com,821-993-5961
39,Jeane,Napier,jnapier12@mapquest.com,427-124-1278
40,Marty,Hillaby,mhillaby13@tuttocitta.it,552-446-2742
41,Gayleen,Gerb,ggerb14@disqus.com,669-103-9810
42,Baron,Dineges,bdineges15@wsj.com,702-933-6403
43,Sam,Serrell,sserrell16@mit.edu,228-784-7726
44,Chaim,Bolino,cbolino17@nationalgeographic.com,338-450-5008
45,Ysabel,Arthurs,yarthurs18@twitpic.com,398-316-1247
46,Derrek,Vizard,dvizard19@devhub.com,589-183-6230
47,Melinda,Piggott,mpiggott1a@wordpress.com,350-855-1896
48,Laurianne,Kingaby,lkingaby1b@slideshare.net,663-516-7643
49,Gregoor,Witcombe,gwitcombe1c@youku.com,140-179-7529
50,Kermy,Causton,kcauston1d@usa.gov,692-446-7320
51,Kin,Stainton,kstainton1e@zimbio.com,156-520-9033
52,Aldous,Gini,agini1f@examiner.com,882-840-9678
53,Mallory,Matushevitz,mmatushevitz1g@auda.org.au,642-176-6435
54,Terence,Cullington,tcullington1h@census.gov,199-828-9573
55,Devlin,Laurenson,dlaurenson1i@si.edu,808-592-8563
56,Ferdinanda,Badby,fbadby1j@reddit.com,998-184-3220
57,Arin,Boncore,aboncore1k@wired.com,910-755-4238
58,Nady,Cicco,ncicco1l@gravatar.com,322-577-5859
59,Phylis,Siddaley,psiddaley1m@opera.com,973-951-2645
60,Brien,Wadlow,bwadlow1n@squidoo.com,539-356-4933
61,Pamella,Ludwikiewicz,pludwikiewicz1o@hp.com,436-332-0814
62,Sybille,Tyas,styas1p@wiley.com,870-500-8913
63,Stuart,Berthod,sberthod1q@yelp.com,386-589-5843
64,Chrystal,Ather,cather1r@sogou.com,549-136-4611
65,Freddie,Poff,fpoff1s@springer.com,195-315-9720
66,Lannie,Wickwarth,lwickwarth1t@jimdo.com,264-674-1461
67,Ceciley,Benwell,cbenwell1u@gov.uk,958-755-4025
68,Cody,Buye,cbuye1v@youku.com,483-295-3006
69,Trisha,Brooksbie,tbrooksbie1w@gizmodo.com,459-598-2877
70,Darby,Gurery,dgurery1x@ox.ac.uk,257-709-7106
71,Merrel,Marchbank,mmarchbank1y@unblog.fr,503-117-5134
72,Pat,Rembaud,prembaud1z@parallels.com,277-554-8632
73,Yulma,Bartholomieu,ybartholomieu20@dagondesign.com,310-354-9891
74,Ara,Mcasparan,amcasparan21@bbc.co.uk,816-132-5341
75,Gavrielle,McKmurrie,gmckmurrie22@creativecommons.org,142-385-4866
76,Bobbette,Mammatt,bmammatt23@sphinn.com,369-558-0877
77,Bax,Willets,bwillets24@homestead.com,632-110-9068
78,Dallas,Moncrefe,dmoncrefe25@wp.com,904-775-1684
79,Jaimie,Pawelczyk,jpawelczyk26@paypal.com,683-139-2329
80,Morgan,Ivanusyev,mivanusyev27@symantec.com,997-623-8714
81,Tobiah,Carillo,tcarillo28@psu.edu,654-803-8541
82,Lloyd,Haszard,lhaszard29@dailymail.co.uk,323-599-5740
83,Kelvin,Ranaghan,kranaghan2a@naver.com,642-987-9384
84,Hollis,Jewster,hjewster2b@xing.com,172-734-1622
85,Ebony,McCaughey,emccaughey2c@cocolog-nifty.com,838-398-0866
86,Bunny,Hammel,bhammel2d@dyndns.org,184-475-8440
87,Beryl,Cotta,bcotta2e@cam.ac.uk,383-973-2733
88,Tootsie,Lesurf,tlesurf2f@adobe.com,787-553-0075
89,Kimberlyn,Gunny,kgunny2g@histats.com,252-413-3566
90,Louise,Seargeant,lseargeant2h@weibo.com,175-724-7590
91,Jeremy,Cave,jcave2i@pinterest.com,885-710-2810
92,Adore,Toll,atoll2j@typepad.com,602-783-1537
93,Eduino,Smissen,esmissen2k@flavors.me,842-843-0340
94,Etty,Brammer,ebrammer2l@spotify.com,974-239-9510
95,Yves,Kimbly,ykimbly2m@printfriendly.com,233-324-3590
96,Kyle,Blazhevich,kblazhevich2n@who.int,724-120-3236
97,Hildagarde,Epine,hepine2o@histats.com,115-231-4052
98,Tod,Petticrow,tpetticrow2p@yellowbook.com,352-940-0964
99,Clementine,Jeff,cjeff2q@cbsnews.com,114-503-4732
100,Cori,Spurrior,cspurrior2r@samsung.com,622-832-4537
101,Haywood,MacVaugh,hmacvaugh2s@wiley.com,528-899-6724
102,Titus,MacKimm,tmackimm2t@squidoo.com,839-200-9735
103,Susan,Menghi,smenghi2u@tripod.com,315-207-5986
104,Joanie,Woodthorpe,jwoodthorpe2v@lycos.com,684-711-8661
105,Bianca,Tremonte,btremonte2w@typepad.com,228-860-5274
106,Stan,Godfrey,sgodfrey2x@webs.com,858-963-1311
107,Jacquette,Batiste,jbatiste2y@ucoz.com,776-857-0343
108,Durante,Cankett,dcankett2z@umn.edu,477-984-1376
109,Eada,Scudamore,escudamore30@blogspot.com,820-809-3490
110,Mirna,Wane,mwane31@shutterfly.com,221-606-4499
111,Danie,Bessell,dbessell32@jimdo.com,863-895-9756
112,Gherardo,Cussen,gcussen33@ftc.gov,920-718-7891
113,Lonnard,Curle,lcurle34@storify.com,739-250-0625
114,Taber,Ecles,tecles35@digg.com,251-173-8776
115,Kimbra,Dallimare,kdallimare36@istockphoto.com,906-601-6187
116,Wanids,Matiebe,wmatiebe37@studiopress.com,299-994-4269
117,Baird,Dutnell,bdutnell38@baidu.com,741-675-2017
118,Aksel,Bravery,abravery39@google.de,486-144-0185
119,Rahal,Morrieson,rmorrieson3a@ameblo.jp,738-391-8643
120,Solly,Keniwell,skeniwell3b@dailymail.co.uk,914-535-7536
121,Johnna,Perot,jperot3c@house.gov,972-575-3979
122,Carly,Joberne,cjoberne3d@blinklist.com,956-620-6116
123,Ingamar,Wainscoat,iwainscoat3e@marriott.com,629-857-1790
124,Martainn,Cressingham,mcressingham3f@biblegateway.com,455-177-9017
125,Inna,Flowith,iflowith3g@google.it,513-848-1015
126,Cole,Sheeran,csheeran3h@macromedia.com,283-555-6075
127,Tandie,Keppin,tkeppin3i@wsj.com,735-405-1230
128,Temp,Le Fevre,tlefevre3j@addthis.com,524-797-2598
129,Torrence,Dobbing,tdobbing3k@1und1.de,650-893-2609
130,Morten,Orbell,morbell3l@php.net,830-636-8779
131,Clovis,Josefsohn,cjosefsohn3m@miibeian.gov.cn,679-891-5456
132,Jasmina,Leverich,jleverich3n@alibaba.com,235-763-2635
133,Shannah,Jezard,sjezard3o@guardian.co.uk,631-160-2645
134,Dean,Bouldon,dbouldon3p@1und1.de,934-347-4261
135,Reid,Goodyear,rgoodyear3q@tiny.cc,765-305-6442
136,Karia,Regis,kregis3r@google.it,674-453-4863
137,Licha,Carbery,lcarbery3s@mail.ru,285-388-4930
138,Kimberley,Wroughton,kwroughton3t@wired.com,489-675-3367
139,Carolee,Bothie,cbothie3u@patch.com,311-996-5566
140,Ronnica,Ostick,rostick3v@cisco.com,518-457-1546
141,Alvan,Enderson,aenderson3w@over-blog.com,948-865-0534
142,Zolly,Donnett,zdonnett3x@yolasite.com,724-654-9981
143,Randy,Tregidgo,rtregidgo3y@jigsy.com,892-382-0809
144,Barnett,Hillitt,bhillitt3z@weebly.com,511-924-1633
145,Abdel,Cardis,acardis40@wikipedia.org,908-118-5774
146,Joy,Brundall,jbrundall41@desdev.cn,360-660-2678
147,Calli,Quinsee,cquinsee42@fastcompany.com,581-731-7014
148,Ursuline,Spafford,uspafford43@nationalgeographic.com,923-411-8994
149,Jorie,Ouslem,jouslem44@google.es,954-766-3367
150,Lorette,Kilby,lkilby45@shutterfly.com,770-851-1258
151,Felipe,Dagleas,fdagleas46@engadget.com,355-749-4239
152,Roseann,Janaway,rjanaway47@lulu.com,390-574-7559
153,Rockie,Farnsworth,rfarnsworth48@merriam-webster.com,485-688-0787
154,Nicoline,Stathers,nstathers49@furl.net,471-523-8281
155,Uta,Ackwood,uackwood4a@psu.edu,689-632-1834
156,Noella,Palk,npalk4b@cbsnews.com,625-173-5373
157,Lisette,Pettipher,lpettipher4c@desdev.cn,861-985-8118
158,Alvie,Arthy,aarthy4d@dailymail.co.uk,652-792-4004
159,Fitzgerald,Staden,fstaden4e@scientificamerican.com,255-405-3573
160,Hubert,Abramcik,habramcik4f@umn.edu,151-187-1735
161,Barrie,Bevar,bbevar4g@cnet.com,137-561-9145
162,Chelsie,Kruszelnicki,ckruszelnicki4h@bandcamp.com,329-352-5355
163,Raeann,Perrone,rperrone4i@typepad.com,946-100-5752
164,Stormi,Eades,seades4j@si.edu,716-311-0665
165,Euell,Litherland,elitherland4k@arizona.edu,822-927-3677
166,Heather,Henricsson,hhenricsson4l@dedecms.com,731-345-4305
167,Ketti,Crim,kcrim4m@pinterest.com,240-940-5647
168,Jemima,Tax,jtax4n@examiner.com,366-276-0896
169,Arabele,Volage,avolage4o@mediafire.com,418-193-9498
170,Jennica,Benez,jbenez4p@ovh.net,404-472-0713
171,Rosemarie,MacConnell,rmacconnell4q@feedburner.com,708-868-3607
172,Barr,McCreery,bmccreery4r@newsvine.com,533-569-4589
173,Brigid,Whyler,bwhyler4s@wunderground.com,610-540-2819
174,Siusan,Rubes,srubes4t@indiegogo.com,223-696-3637
175,Marshall,Biaggi,mbiaggi4u@ocn.ne.jp,954-325-2531
176,Pierce,De Brett,pdebrett4v@yandex.ru,180-312-3218
177,Rafaello,Mingey,rmingey4w@thetimes.co.uk,320-952-8109
178,Emlynn,McCue,emccue4x@usatoday.com,333-605-6162
179,Bellanca,Muglestone,bmuglestone4y@wsj.com,825-265-0034
180,Chrystal,Simmon,csimmon4z@chicagotribune.com,931-971-4108
181,Greta,MacFarlan,gmacfarlan50@t.co,133-558-4190
182,Junina,Oldfield,joldfield51@google.nl,815-926-5396
183,Jeniece,Severy,jsevery52@reddit.com,787-958-3640
184,Correy,Yearby,cyearby53@adobe.com,611-425-9134
185,Ingaberg,Jacobson,ijacobson54@hostgator.com,252-990-7015
186,Berk,Ducaen,bducaen55@house.gov,899-759-5657
187,Dilan,Miners,dminers56@sohu.com,982-501-8743
188,Geoffry,Pengelley,gpengelley57@ycombinator.com,474-804-1992
189,Engracia,Yeoland,eyeoland58@marriott.com,890-715-5666
190,Hildy,Streatley,hstreatley59@networksolutions.com,209-576-7105
191,Jakie,Naisbet,jnaisbet5a@smugmug.com,992-669-3022
192,Basia,Begley,bbegley5b@businessinsider.com,835-136-6393
193,Ilka,Richfield,irichfield5c@cnn.com,245-142-9209
194,Jock,Bursnoll,jbursnoll5d@unesco.org,105-981-9978
195,Gustave,Eddisforth,geddisforth5e@tiny.cc,648-664-0689
196,Andras,Epton,aepton5f@stumbleupon.com,263-347-2830
197,Kathlin,Gilleon,kgilleon5g@issuu.com,599-126-0800
198,Karina,Riteley,kriteley5h@tripod.com,183-432-6770
199,Emogene,Viggars,eviggars5i@meetup.com,870-261-8563
200,Tomasine,Hartright,thartright5j@wired.com,736-823-5069
201,Raffaello,Ealden,realden5k@artisteer.com,149-996-4414
202,Ray,Cuschieri,rcuschieri5l@imageshack.us,153-206-7009
203,Wain,Veale,wveale5m@vimeo.com,511-768-7132
204,Christy,Dowe,cdowe5n@freewebs.com,352-887-7084
205,Yancy,Leinthall,yleinthall5o@oakley.com,335-235-7682
206,Marlee,Mcasparan,mmcasparan5p@wp.com,394-325-8030
207,Mohandas,Vasnev,mvasnev5q@yellowbook.com,601-516-0306
208,Bambi,Ianizzi,bianizzi5r@yellowpages.com,916-562-7579
209,Britney,Darnborough,bdarnborough5s@altervista.org,817-382-4682
210,Darby,O'Carran,docarran5t@google.es,637-636-1243
211,Sandro,Slingsby,sslingsby5u@blogtalkradio.com,428-654-9302
212,Pancho,Ingray,pingray5v@hatena.ne.jp,754-359-2516
213,Mac,McGarahan,mmcgarahan5w@yahoo.com,162-452-4336
214,Brock,de Cullip,bdecullip5x@wikimedia.org,500-515-4893
215,Jacinta,Hutchcraft,jhutchcraft5y@washington.edu,265-730-1914
216,Orville,Bartoshevich,obartoshevich5z@imdb.com,572-778-7259
217,Pamella,Chilvers,pchilvers60@amazon.de,632-654-9702
218,Marcia,Morewood,mmorewood61@cloudflare.com,737-397-4037
219,Ringo,Lumbly,rlumbly62@va.gov,704-940-5922
220,Byrle,O'Garmen,bogarmen63@google.pl,287-156-9768
221,Tommi,Blakeway,tblakeway64@uiuc.edu,250-941-8915
222,Helge,Bentham,hbentham65@friendfeed.com,185-440-1351
223,Brett,Neathway,bneathway66@wikipedia.org,340-258-1044
224,Cherish,Parsell,cparsell67@goo.gl,128-245-1661
225,Emalee,Staker,estaker68@yahoo.com,965-953-5606
226,Lon,Burnand,lburnand69@springer.com,597-997-9416
227,Sandi,Storek,sstorek6a@delicious.com,878-647-1230
228,Rosmunda,Fulham,rfulham6b@earthlink.net,871-867-0838
229,Stu,Joseph,sjoseph6c@issuu.com,766-402-8423
230,Thaddeus,Sore,tsore6d@ox.ac.uk,284-572-7126
231,Rebecca,Akehurst,rakehurst6e@youtu.be,213-878-5664
232,Bryant,Lowin,blowin6f@nbcnews.com,192-847-4368
233,Miguela,Blackater,mblackater6g@adobe.com,571-673-8938
234,Udall,Noble,unoble6h@senate.gov,973-138-1198
235,Lizbeth,Camplin,lcamplin6i@vistaprint.com,306-947-4212
236,Elvyn,Porrett,eporrett6j@cbsnews.com,343-884-9926
237,Norina,Winson,nwinson6k@cmu.edu,401-310-9572
238,Timmy,Westmarland,twestmarland6l@symantec.com,891-752-8695
239,Farand,Teasey,fteasey6m@digg.com,414-187-8630
240,Barret,Akehurst,bakehurst6n@mail.ru,982-313-0855
241,Phillis,Scamel,pscamel6o@zimbio.com,697-860-5105
242,Leda,Polly,lpolly6p@istockphoto.com,926-787-5926
243,Elysee,Ruston,eruston6q@ask.com,576-604-0779
244,Eddy,Stickels,estickels6r@bloomberg.com,558-797-3680
245,Desiree,Pilpovic,dpilpovic6s@webs.com,244-606-2037
246,Belva,Sunners,bsunners6t@fema.gov,702-684-5740
247,Noell,Litherborough,nlitherborough6u@hibu.com,187-542-7011
248,Brigham,Keen,bkeen6v@ft.com,979-779-8355
249,Orlan,Whitten,owhitten6w@com.com,957-481-3098
250,Leigh,Taillard,ltaillard6x@tripod.com,551-438-9497
251,Durand,Goodswen,dgoodswen6y@oakley.com,591-818-7471
252,Pauletta,Barnby,pbarnby6z@google.nl,161-117-7022
253,Muffin,Vennard,mvennard70@ucla.edu,596-395-9446
254,Liesa,Hymers,lhymers71@house.gov,314-248-8098
255,Jorge,Corney,jcorney72@wired.com,425-739-3481
256,Tarra,Sidwick,tsidwick73@army.mil,960-893-4973
257,Yovonnda,Gorgen,ygorgen74@cnet.com,394-352-1986
258,Cherry,Woolstenholmes,cwoolstenholmes75@yellowpages.com,274-688-1875
259,Maude,Lendrem,mlendrem76@google.nl,657-882-2253
260,Elianore,Fulbrook,efulbrook77@nih.gov,302-991-5448
261,Tedie,Ludl,tludl78@usa.gov,884-561-8721
262,Belva,Jewis,bjewis79@theguardian.com,513-134-0855
263,Adey,Pavlasek,apavlasek7a@nifty.com,223-786-3997
264,Marthe,Sisey,msisey7b@vimeo.com,891-190-7877
265,Davis,Le Jean,dlejean7c@amazon.com,345-696-9299
266,Ardelis,Pinks,apinks7d@w3.org,821-978-7190
267,Wyatt,Woffinden,wwoffinden7e@ed.gov,266-407-5858
268,Ode,Toppin,otoppin7f@nsw.gov.au,889-967-5085
269,Patrizia,Phelp,pphelp7g@slashdot.org,483-106-5374
270,Kerwinn,Weins,kweins7h@fema.gov,103-382-5938
271,Yancey,Giacopini,ygiacopini7i@mediafire.com,240-151-4294
272,Gerome,Thornebarrow,gthornebarrow7j@creativecommons.org,717-218-3653
273,Dorella,Bilson,dbilson7k@t.co,658-153-1869
274,Jemmie,Dreelan,jdreelan7l@deliciousdays.com,138-664-4082
275,Ottilie,Mesias,omesias7m@seesaa.net,742-220-0919
276,Doretta,Pheasey,dpheasey7n@hexun.com,283-733-6948
277,Pia,Heineke,pheineke7o@tinypic.com,142-307-5287
278,Ilaire,Sharpless,isharpless7p@wired.com,557-210-9012
279,Cassandra,Twomey,ctwomey7q@eventbrite.com,845-581-3124
280,King,Rawlence,krawlence7r@cmu.edu,127-769-5911
281,Faythe,Calton,fcalton7s@skyrock.com,336-890-8455
282,Joleen,Capron,jcapron7t@twitpic.com,963-513-0557
283,Harlan,Dunnaway,hdunnaway7u@ustream.tv,570-160-3897
284,Jilli,Rigge,jrigge7v@wisc.edu,706-766-4565
285,Katee,Preece,kpreece7w@hp.com,117-641-8434
286,Shurlocke,Jedrzejczyk,sjedrzejczyk7x@tripod.com,924-690-0409
287,Flin,Blomefield,fblomefield7y@tripadvisor.com,733-221-5228
288,Rhodia,Loidl,rloidl7z@abc.net.au,780-987-9717
289,Caro,Ravenscraft,cravenscraft80@mac.com,973-730-1023
290,Lorene,Giottini,lgiottini81@nasa.gov,345-431-5034
291,Joey,Paddison,jpaddison82@soup.io,986-968-1230
292,Bil,Chalcroft,bchalcroft83@etsy.com,811-164-2510
293,Osborne,Wingfield,owingfield84@samsung.com,168-539-7415
294,Mersey,Burkhill,mburkhill85@boston.com,364-544-2408
295,Constantine,Hay,chay86@oracle.com,106-854-3422
296,Kalie,Whalley,kwhalley87@newyorker.com,399-919-8655
297,Celinka,Mearing,cmearing88@tripadvisor.com,520-536-0265
298,Robina,Tonbridge,rtonbridge89@hao123.com,771-715-0870
299,Brittani,Tilio,btilio8a@google.com,192-446-3753
300,Eada,Livings,elivings8b@tuttocitta.it,391-679-6352
301,Huntlee,Harmon,hharmon8c@bizjournals.com,366-968-3544
302,Cassi,Manning,cmanning8d@symantec.com,172-273-5314
303,Una,Basili,ubasili8e@spiegel.de,963-706-7878
304,Dasya,de'-Ancy Willis,ddeancywillis8f@people.com.cn,419-887-5290
305,Rosina,Birchner,rbirchner8g@jimdo.com,853-524-6407
306,Wolfie,Thornham,wthornham8h@facebook.com,494-417-1230
307,Gavra,Leger,gleger8i@about.me,443-615-5407
308,Valene,Cases,vcases8j@trellian.com,971-607-7762
309,Hollyanne,Sahlstrom,hsahlstrom8k@quantcast.com,986-459-6988
310,Selena,Thebes,sthebes8l@wikipedia.org,871-430-0832
311,Augie,Deerness,adeerness8m@cbc.ca,601-454-5288
312,Tab,Rosencrantz,trosencrantz8n@pbs.org,571-524-7456
313,Reynolds,Easson,reasson8o@icq.com,777-416-5711
314,Court,Skitteral,cskitteral8p@etsy.com,997-374-8349
315,Riley,Girod,rgirod8q@youtube.com,833-956-7636
316,Freddie,Claussen,fclaussen8r@seattletimes.com,153-581-1585
317,Sarah,Murrey,smurrey8s@naver.com,149-859-8138
318,Dalenna,Togwell,dtogwell8t@bloglovin.com,569-135-4987
319,Shaun,Garahan,sgarahan8u@networkadvertising.org,845-636-6765
320,Nicola,Doale,ndoale8v@domainmarket.com,703-568-2850
321,Talia,Houlahan,thoulahan8w@timesonline.co.uk,611-308-4597
322,Cristine,O' Cuolahan,cocuolahan8x@gmpg.org,274-687-2852
323,Candis,Renforth,crenforth8y@hud.gov,731-115-6489
324,Carrie,Plewright,cplewright8z@booking.com,904-278-3939
325,Price,Stretton,pstretton90@blog.com,800-822-6933
326,Sharia,Lymbourne,slymbourne91@feedburner.com,787-662-6708
327,Obediah,Capron,ocapron92@slate.com,502-172-1975
328,Tomasine,Roddan,troddan93@dyndns.org,702-277-0202
329,Mommy,Ivanchenkov,mivanchenkov94@seattletimes.com,674-434-1540
330,Beaufort,Wainer,bwainer95@nsw.gov.au,925-529-3074
331,Arleen,Gue,ague96@exblog.jp,567-590-3987
332,Clemmy,Sunnucks,csunnucks97@sourceforge.net,577-500-3362
333,Hagan,Fawthrop,hfawthrop98@nature.com,837-109-1383
334,Cathrin,Sidary,csidary99@tiny.cc,757-148-9202
335,Ray,Dobbinson,rdobbinson9a@w3.org,913-988-5805
336,Danny,Compton,dcompton9b@tripod.com,412-413-8780
337,Guntar,Torrijos,gtorrijos9c@java.com,528-497-5160
338,Aubrie,Buterton,abuterton9d@last.fm,407-618-6053
339,Tamar,Cosgry,tcosgry9e@mit.edu,208-662-6040
340,Quint,Fosken,qfosken9f@skyrock.com,588-124-0459
341,Cortney,Harbisher,charbisher9g@noaa.gov,903-562-4578
342,Alvinia,Prandy,aprandy9h@goo.gl,270-589-3030
343,Elfrieda,Rogeon,erogeon9i@gizmodo.com,422-931-7955
344,Ruttger,Briereton,rbriereton9j@irs.gov,201-739-3100
345,Yorke,Chaffyn,ychaffyn9k@ebay.co.uk,313-586-4428
346,Vidovik,Errichi,verrichi9l@tamu.edu,829-475-7026
347,Amelie,Please,aplease9m@ezinearticles.com,356-465-2633
348,Corrie,Tiffin,ctiffin9n@pen.io,731-587-9486
349,Earvin,Fancy,efancy9o@sakura.ne.jp,526-652-6363
350,Eugenie,Malling,emalling9p@wikia.com,531-257-0753
351,Doug,Menary,dmenary9q@clickbank.net,723-681-8220
352,Nicky,Thynne,nthynne9r@gmpg.org,721-253-5359
353,Jobina,Launder,jlaunder9s@behance.net,294-131-4484
354,Dag,Dunbabin,ddunbabin9t@goo.ne.jp,954-141-6642
355,Judith,Jantel,jjantel9u@skype.com,239-984-0150
356,Frieda,Chalice,fchalice9v@omniture.com,947-904-9255
357,Dillon,Paule,dpaule9w@wiley.com,574-499-8500
358,Humberto,Rowbottom,hrowbottom9x@dedecms.com,499-441-4493
359,Philip,Andrick,pandrick9y@i2i.jp,920-218-8967
360,Brittney,Bullent,bbullent9z@ovh.net,280-718-0899
361,Irene,Scruton,iscrutona0@princeton.edu,206-340-8520
362,Wendye,Wearn,wwearna1@privacy.gov.au,305-482-3949
363,Glenine,Kollaschek,gkollascheka2@hud.gov,269-412-3076
364,Yolande,Ribbon,yribbona3@foxnews.com,992-511-5476
365,Salomon,Zuenelli,szuenellia4@shop-pro.jp,732-567-0948
366,Steve,Skill,sskilla5@live.com,126-683-1230
367,Pyotr,Lamb,plamba6@theglobeandmail.com,356-856-2719
368,Ronny,McOmish,rmcomisha7@cocolog-nifty.com,708-546-8648
369,Goldarina,Josephov,gjosephova8@house.gov,542-486-3384
370,Arvy,Syplus,asyplusa9@businessinsider.com,322-239-3373
371,Kinny,Freeborn,kfreebornaa@nhs.uk,323-907-7140
372,Erminie,Allso,eallsoab@wired.com,626-928-4862
373,Zacherie,Treadaway,ztreadawayac@sun.com,205-935-9407
374,Laina,Rangle,lranglead@hp.com,661-987-4609
375,Diego,Jacobs,djacobsae@nymag.com,819-946-7363
376,Ogdon,Kells,okellsaf@answers.com,861-429-4165
377,Jarrad,Juster,jjusterag@gizmodo.com,249-730-8632
378,Cortie,Pull,cpullah@nasa.gov,673-690-4840
379,Christabella,Ponting,cpontingai@spotify.com,654-882-4215
380,Lindon,Scallan,lscallanaj@gmpg.org,546-620-1088
381,Gui,Piggrem,gpiggremak@princeton.edu,883-800-1899
382,Antony,Billsberry,abillsberryal@usatoday.com,801-956-0213
383,Michelina,Search,msearcham@icq.com,144-867-9225
384,Marti,Matschke,mmatschkean@umich.edu,748-963-2155
385,Shaina,Fallis,sfallisao@wordpress.org,987-843-8594
386,Georgi,Kryszkiecicz,gkryszkieciczap@columbia.edu,426-507-8525
387,Julia,Rillstone,jrillstoneaq@last.fm,348-918-9599
388,D'arcy,Riddock,driddockar@posterous.com,676-709-9991
389,Stevena,Spittle,sspittleas@blogspot.com,723-700-2307
390,Tony,Perrot,tperrotat@cpanel.net,217-557-2606
391,Domenic,Breese,dbreeseau@simplemachines.org,135-483-1460
392,Garland,Lapenna,glapennaav@chronoengine.com,485-634-9511
393,Tanner,Formigli,tformigliaw@storify.com,454-982-4768
394,Galvan,Bothe,gbotheax@buzzfeed.com,842-655-8034
395,Mac,Bert,mbertay@vimeo.com,573-615-9325
396,Grace,Van Son,gvansonaz@harvard.edu,960-722-6795
397,Georgie,Lisle,glisleb0@typepad.com,741-943-4651
398,Trudey,Mollon,tmollonb1@livejournal.com,827-225-6462
399,Drusy,Hacksby,dhacksbyb2@dailymotion.com,157-672-5495
400,Bail,Fernez,bfernezb3@sciencedirect.com,896-657-8646
401,Leontyne,Vesco,lvescob4@list-manage.com,994-974-2521
402,Sascha,Waterson,swatersonb5@ucla.edu,790-874-8365
403,Rourke,Clinkard,rclinkardb6@slideshare.net,869-293-3109
404,Nicola,Cheverton,nchevertonb7@goo.ne.jp,923-355-2825
405,Nissa,Suddaby,nsuddabyb8@angelfire.com,800-757-4616
406,Kalle,Andras,kandrasb9@ed.gov,730-972-5964
407,Correna,Phillipps,cphillippsba@hao123.com,860-408-5109
408,Padget,Joseland,pjoselandbb@google.co.jp,381-178-1230
409,Lissie,Zoephel,lzoephelbc@prweb.com,941-528-4222
410,Ted,Gaskal,tgaskalbd@eventbrite.com,790-847-0998
411,Drusi,Sopp,dsoppbe@ihg.com,703-122-3228
412,Ray,Ilbert,rilbertbf@dropbox.com,402-556-5930
413,Viva,Housegoe,vhousegoebg@twitter.com,729-512-7795
414,Garald,Farndale,gfarndalebh@berkeley.edu,581-673-5351
415,Myrle,Triggs,mtriggsbi@youku.com,606-251-2575
416,Pip,Nutton,pnuttonbj@blogtalkradio.com,917-100-6433
417,Archaimbaud,Grono,agronobk@thetimes.co.uk,230-807-4791
418,Bell,McTrusty,bmctrustybl@taobao.com,667-198-3310
419,Leif,Fergyson,lfergysonbm@sakura.ne.jp,784-206-0877
420,Mata,Whytock,mwhytockbn@virginia.edu,493-586-6757
421,Pyotr,McMichan,pmcmichanbo@alexa.com,810-536-1216
422,Elonore,Davitt,edavittbp@vimeo.com,893-524-9320
423,Chaunce,McManus,cmcmanusbq@youtube.com,757-507-8551
424,Klemens,Nenci,knencibr@liveinternet.ru,593-389-2334
425,Charlot,Northin,cnorthinbs@nbcnews.com,703-658-2271
426,Karilynn,Lowdes,klowdesbt@ca.gov,449-974-2446
427,Murdock,Soars,msoarsbu@fc2.com,912-799-5491
428,Cacilie,Bicksteth,cbickstethbv@elpais.com,831-148-6785
429,Ashli,Bosworth,abosworthbw@ibm.com,280-638-5058
430,Michal,Blethyn,mblethynbx@cargocollective.com,955-575-1918
431,Stacee,Hodgen,shodgenby@dagondesign.com,578-702-4084
432,Rivi,Harwell,rharwellbz@posterous.com,977-986-7624
433,Sanders,Wessell,swessellc0@opensource.org,270-681-6657
434,Barbaraanne,Hogsden,bhogsdenc1@cnn.com,611-226-1454
435,Bayard,Fitzmaurice,bfitzmauricec2@netvibes.com,150-766-0075
436,Bartram,Symes,bsymesc3@skyrock.com,655-854-7033
437,Arlyn,Fockes,afockesc4@etsy.com,798-459-8767
438,Basil,Heathcote,bheathcotec5@google.it,746-301-5795
439,Barbey,Clawe,bclawec6@uiuc.edu,747-601-5469
440,Danita,Plewman,dplewmanc7@nytimes.com,547-963-7031
441,Kiel,Bowry,kbowryc8@barnesandnoble.com,420-109-8876
442,Flor,Dorey,fdoreyc9@multiply.com,238-551-7166
443,Roderich,Muro,rmuroca@paypal.com,114-329-9034
444,Sarah,Iwanowicz,siwanowiczcb@spiegel.de,308-895-3097
445,Shel,Slesser,sslessercc@godaddy.com,487-568-9741
446,Mackenzie,Sivess,msivesscd@accuweather.com,658-823-5059
447,Margaux,Van den Velden,mvandenveldence@storify.com,730-950-2119
448,Padraic,Bertenshaw,pbertenshawcf@tripod.com,449-731-4144
449,Agna,McClenaghan,amcclenaghancg@github.com,799-276-2288
450,Pauli,Golborn,pgolbornch@economist.com,710-289-7204
451,Valenka,Coan,vcoanci@phoca.cz,298-865-1332
452,Biddy,Geall,bgeallcj@noaa.gov,871-594-1542
453,Joelie,Teliga,jteligack@com.com,303-418-8626
454,Delphine,Gosker,dgoskercl@gov.uk,979-909-9894
455,Waverley,Atwater,watwatercm@admin.ch,619-259-5035
456,Dacie,Corkill,dcorkillcn@paginegialle.it,439-380-4475
457,Agustin,Pesak,apesakco@bigcartel.com,317-676-8704
458,Inna,Spain-Gower,ispaingowercp@aboutads.info,155-209-0860
459,Shellysheldon,Partleton,spartletoncq@github.io,870-696-1697
460,Stanislaus,Tesoe,stesoecr@barnesandnoble.com,472-676-3695
461,Marika,Arnli,marnlics@sbwire.com,875-938-1427
462,Ted,Mishow,tmishowct@trellian.com,801-201-9775
463,Doretta,Germain,dgermaincu@mapy.cz,291-956-1597
464,Jennine,Center,jcentercv@nationalgeographic.com,367-338-6789
465,Newton,Aristide,naristidecw@cpanel.net,116-479-1633
466,Alick,Regus,areguscx@exblog.jp,783-881-1704
467,Franciskus,Scrowby,fscrowbycy@cdc.gov,632-162-0258
468,Flemming,Oxenbury,foxenburycz@biblegateway.com,570-432-7670
469,Quinn,Adriaens,qadriaensd0@intel.com,805-327-8208
470,Gray,Heathcoat,gheathcoatd1@zimbio.com,612-866-5179
471,Mehetabel,De Francesco,mdefrancescod2@timesonline.co.uk,469-234-1291
472,Loralyn,Stones,lstonesd3@creativecommons.org,223-216-2731
473,Elston,Attawell,eattawelld4@patch.com,421-213-3495
474,Eula,Buterton,ebutertond5@google.es,951-317-0028
475,Eugene,Attac,eattacd6@aol.com,761-875-6093
476,Odey,Easterling,oeasterlingd7@springer.com,317-756-6717
477,Adelina,Greetland,agreetlandd8@paginegialle.it,536-277-6338
478,Denyse,Baildon,dbaildond9@miitbeian.gov.cn,185-602-8687
479,Florella,Askam,faskamda@tamu.edu,349-813-6022
480,Nelle,Caulcutt,ncaulcuttdb@newyorker.com,590-817-5208
481,Stacy,Iacovino,siacovinodc@themeforest.net,415-207-0676
482,Roderich,Schutt,rschuttdd@artisteer.com,376-566-2402
483,Sabra,Ilott,silottde@cnet.com,468-899-7971
484,Flynn,Brierly,fbrierlydf@rediff.com,699-206-2294
485,Hermon,Golling,hgollingdg@mediafire.com,745-128-1230
486,Munmro,Raithbie,mraithbiedh@bbc.co.uk,355-768-4437
487,Cosetta,Pierson,cpiersondi@histats.com,577-654-4059
488,Gusty,Clyant,gclyantdj@networksolutions.com,253-783-6315
489,Milka,Wartnaby,mwartnabydk@wired.com,197-467-2519
490,Tye,Stroobant,tstroobantdl@twitter.com,872-892-3681
491,Deloris,Kitchingman,dkitchingmandm@cbslocal.com,957-615-5045
492,Frederick,Chamberlin,fchamberlindn@un.org,557-643-5448
493,Mady,Schmuhl,mschmuhldo@salon.com,764-181-3114
494,Pam,Cameli,pcamelidp@msn.com,864-495-5310
495,Krystle,Merali,kmeralidq@ihg.com,526-739-2370
496,Fraser,Klemz,fklemzdr@cargocollective.com,210-557-7162
497,Tobiah,Ilbert,tilbertds@chron.com,532-866-0847
498,Anabelle,Kulver,akulverdt@clickbank.net,325-547-8459
499,Dario,McDowall,dmcdowalldu@list-manage.com,874-335-8373
500,Bernadette,Whyteman,bwhytemandv@nps.gov,318-769-0342
501,Lay,Levins,llevinsdw@sina.com.cn,408-956-9901
502,Alayne,Drioli,adriolidx@tiny.cc,864-369-6458
503,Deny,Curado,dcuradody@businessweek.com,730-145-5325
504,Jessi,Hughman,jhughmandz@go.com,109-710-1415
505,Erik,Horley,ehorleye0@over-blog.com,871-944-3864
506,Rudd,Ingolotti,ringolottie1@indiatimes.com,930-105-6508
507,Keen,Stribling,kstriblinge2@arizona.edu,865-519-6160
508,Keriann,Woodrup,kwoodrupe3@yale.edu,798-885-7323
509,Alasteir,Collihole,acolliholee4@discuz.net,456-217-9079
510,Augustin,Carillo,acarilloe5@friendfeed.com,580-831-4976
511,Maridel,Dax,mdaxe6@booking.com,350-471-3925
512,Jsandye,Hucke,jhuckee7@bing.com,891-565-5127
513,Cecilio,Clevely,cclevelye8@fc2.com,491-272-3165
514,Tymon,Greves,tgrevese9@acquirethisname.com,870-903-8274
515,Teresa,Dik,tdikea@bizjournals.com,481-421-3892
516,Gideon,Patek,gpatekeb@boston.com,571-314-5451
517,Aldis,Binnall,abinnallec@washingtonpost.com,259-314-5638
518,Hunter,Turri,hturried@smugmug.com,740-441-6333
519,Kimmie,Teggin,ktegginee@amazon.co.jp,167-650-8868
520,Helaine,Folan,hfolanef@yellowbook.com,977-144-0585
521,Arlie,Scinelli,ascinellieg@washington.edu,614-688-9055
522,Sabina,Puckring,spuckringeh@webmd.com,446-757-6081
523,Kelly,Shardlow,kshardlowei@devhub.com,672-270-5099
524,Reynolds,Churchin,rchurchinej@ted.com,875-569-5314
525,Bonny,Feavers,bfeaversek@omniture.com,926-778-7099
526,Gwenni,Cribbin,gcribbinel@comcast.net,583-480-2253
527,Davide,Shimuk,dshimukem@facebook.com,431-944-8845
528,Jorrie,Middleweek,jmiddleweeken@berkeley.edu,916-765-6059
529,Loreen,Drezzer,ldrezzereo@deliciousdays.com,930-261-1203
530,Lianna,Jaspar,ljasparep@odnoklassniki.ru,770-407-4629
531,Ciel,Robuchon,crobuchoneq@hostgator.com,662-823-7066
532,Lanie,Haglington,lhaglingtoner@goo.gl,132-630-9652
533,Arnie,Cale,acalees@delicious.com,978-312-5094
534,Karina,Filpo,kfilpoet@wired.com,822-566-4658
535,Wren,Handrock,whandrockeu@slate.com,744-350-2671
536,Viviene,Brittain,vbrittainev@sphinn.com,382-371-8537
537,Dena,Cantillon,dcantillonew@gov.uk,494-765-7784
538,Morgan,Huetson,mhuetsonex@is.gd,116-404-3905
539,Shani,Rolin,sroliney@digg.com,666-266-7712
540,Prissie,Doylend,pdoylendez@ebay.co.uk,236-461-4094
541,Whittaker,Penketh,wpenkethf0@whitehouse.gov,478-675-1362
542,Mureil,Shave,mshavef1@4shared.com,503-217-6527
543,Joy,Wellbelove,jwellbelovef2@ft.com,461-119-5872
544,Andria,Kitchenman,akitchenmanf3@tiny.cc,226-862-7487
545,Kikelia,Barczynski,kbarczynskif4@huffingtonpost.com,380-302-6533
546,Calla,Foss,cfossf5@latimes.com,688-662-7211
547,Cordy,Hovey,choveyf6@baidu.com,700-441-4693
548,Jasun,Aindriu,jaindriuf7@yahoo.co.jp,189-250-9072
549,Linnie,Comiam,lcomiamf8@canalblog.com,393-178-0836
550,Eulalie,Arundale,earundalef9@who.int,224-129-8912
551,Maury,Collacombe,mcollacombefa@trellian.com,965-304-0720
552,Sibella,Gilbard,sgilbardfb@webmd.com,548-488-8295
553,Gilles,Small,gsmallfc@ebay.com,570-875-9368
554,Chickie,Insall,cinsallfd@time.com,442-419-0651
555,Doralyn,Colleck,dcolleckfe@skyrock.com,764-460-7258
556,Arel,Corneljes,acorneljesff@aol.com,711-122-0989
557,Barbe,Neicho,bneichofg@google.co.jp,634-878-7007
558,Annie,Whayman,awhaymanfh@narod.ru,784-903-4506
559,Willard,Moland,wmolandfi@cdbaby.com,289-325-7039
560,Letty,Mill,lmillfj@networksolutions.com,557-430-3645
561,Nixie,Houchen,nhouchenfk@reddit.com,936-237-5988
562,Yuma,Barlie,ybarliefl@economist.com,137-812-3292
563,Boigie,Shipcott,bshipcottfm@netlog.com,980-129-1779
564,Arne,Kiendl,akiendlfn@t.co,458-195-3641
565,Lonny,Harroll,lharrollfo@apple.com,997-572-2362
566,Edee,Juara,ejuarafp@hao123.com,323-751-8937
567,Emmye,Uff,eufffq@narod.ru,896-390-1842
568,Brigg,Sleith,bsleithfr@mozilla.org,572-391-1230
569,Rufus,Garlicke,rgarlickefs@cdbaby.com,832-410-3524
570,Amelina,Rowberry,arowberryft@homestead.com,658-959-4482
571,Agnesse,Burlingame,aburlingamefu@parallels.com,531-863-2171
572,Helga,Colombier,hcolombierfv@seesaa.net,463-385-9450
573,Averell,Rookledge,arookledgefw@tmall.com,833-975-4880
574,Oran,Quick,oquickfx@google.nl,287-935-9010
575,Florinda,Castiblanco,fcastiblancofy@w3.org,636-344-0714
576,Sarge,Ygou,sygoufz@craigslist.org,774-177-7514
577,Olga,Culshaw,oculshawg0@tmall.com,764-837-7924
578,Doretta,Hardington,dhardingtong1@army.mil,125-644-8872
579,Amalia,Barribal,abarribalg2@typepad.com,851-227-8538
580,Hedwiga,Keppe,hkeppeg3@cnet.com,149-373-8479
581,Gillan,Ker,gkerg4@aboutads.info,967-880-4283
582,Edd,Froggatt,efroggattg5@cnbc.com,616-592-1286
583,Hyacintha,Robbs,hrobbsg6@mac.com,482-248-8195
584,Bryn,Carlino,bcarlinog7@intel.com,729-766-1410
585,Thelma,Klarzynski,tklarzynskig8@go.com,537-837-2429
586,Kaye,Vazquez,kvazquezg9@npr.org,457-211-6885
587,Nedi,Charter,ncharterga@mapy.cz,797-622-7139
588,Saba,Olliff,solliffgb@soundcloud.com,272-427-1840
589,John,Barley,jbarleygc@home.pl,667-547-7246
590,Jaquenette,Skipperbottom,jskipperbottomgd@wp.com,582-351-3265
591,Marybelle,Bichard,mbichardge@vkontakte.ru,771-209-9833
592,Winston,Oakly,woaklygf@nationalgeographic.com,318-763-8494
593,Val,Stribbling,vstribblinggg@reference.com,828-941-7515
594,Roxanne,Mitro,rmitrogh@deviantart.com,514-380-0635
595,Waldo,Bush,wbushgi@google.ru,115-995-2958
596,Kaitlyn,Willett,kwillettgj@studiopress.com,725-173-9897
597,Hildy,Dellenty,hdellentygk@prweb.com,504-684-9393
598,Mia,Sauven,msauvengl@scribd.com,208-895-8819
599,Shirlee,Camacke,scamackegm@blogtalkradio.com,379-813-0016
600,Barbra,Macellar,bmacellargn@nationalgeographic.com,899-375-3721
601,Nevile,Duncan,nduncango@phoca.cz,452-561-0961
602,Elizabet,Jauncey,ejaunceygp@biblegateway.com,393-692-4829
603,Dotti,Wadsworth,dwadsworthgq@cyberchimps.com,842-237-1136
604,Georgia,Ridout,gridoutgr@ycombinator.com,574-578-4784
605,Brannon,Reims,breimsgs@canalblog.com,667-646-0095
606,Heindrick,Chimes,hchimesgt@last.fm,481-180-7342
607,Lari,Benito,lbenitogu@4shared.com,911-675-6435
608,Skelly,Lghan,slghangv@mozilla.com,570-667-4403
609,Queenie,Hinze,qhinzegw@dailymail.co.uk,766-862-0544
610,Adore,Cheley,acheleygx@artisteer.com,562-401-9613
611,Hasty,Maling,hmalinggy@livejournal.com,528-637-0139
612,Kira,Queen,kqueengz@deliciousdays.com,495-549-0949
613,Kary,Jillard,kjillardh0@hexun.com,900-408-9302
614,Janeen,Writer,jwriterh1@reuters.com,611-810-8963
615,Yule,Benny,ybennyh2@netvibes.com,255-201-1191
616,Kasey,Jirsa,kjirsah3@ow.ly,512-739-9728
617,Crysta,Strut,cstruth4@hp.com,745-249-0271
618,Libbie,Work,lworkh5@discuz.net,441-460-1223
619,Pascale,O'Grady,pogradyh6@cpanel.net,502-218-9998
620,Noreen,Starzaker,nstarzakerh7@drupal.org,926-292-0474
621,Jdavie,Mitchener,jmitchenerh8@liveinternet.ru,556-423-0524
622,Welsh,Antram,wantramh9@ameblo.jp,540-547-3211
623,Nadine,Gyorgy,ngyorgyha@cdbaby.com,704-956-4054
624,Fredra,Dionisetti,fdionisettihb@prnewswire.com,270-516-3868
625,Blinny,Robbel,brobbelhc@msu.edu,317-488-6012
626,Olympia,Orr,oorrhd@reddit.com,834-574-7950
627,Theo,Knagges,tknaggeshe@imdb.com,863-478-2732
628,Pammie,Durant,pduranthf@mayoclinic.com,238-253-1743
629,Dedie,Jacklings,djacklingshg@hatena.ne.jp,667-677-5188
630,Stacia,Pettit,spettithh@list-manage.com,386-180-0931
631,Homere,Vivash,hvivashhi@themeforest.net,239-822-9081
632,Natty,Scouller,nscoullerhj@biblegateway.com,215-569-9820
633,Thia,Poad,tpoadhk@google.com.au,408-977-5042
634,Roma,Broadstock,rbroadstockhl@techcrunch.com,718-477-3561
635,Wiley,Acutt,wacutthm@telegraph.co.uk,458-156-0502
636,Gregoor,Netti,gnettihn@163.com,831-535-1510
637,Norby,Mc Caughen,nmccaughenho@i2i.jp,207-819-1896
638,Cacilia,Pina,cpinahp@bbb.org,575-652-6958
639,Kaiser,Marchiso,kmarchisohq@privacy.gov.au,207-985-8092
640,Arlana,Martensen,amartensenhr@livejournal.com,896-760-4695
641,Casey,MacFarlan,cmacfarlanhs@yale.edu,537-213-2608
642,Tris,Taveriner,ttaverinerht@miibeian.gov.cn,819-125-9759
643,Honey,Rettie,hrettiehu@hc360.com,157-159-2568
644,Tirrell,Bartosinski,tbartosinskihv@latimes.com,861-232-5570
645,Stacia,Edge,sedgehw@mit.edu,585-196-2777
646,Ruthy,Agent,ragenthx@unc.edu,725-467-3297
647,Joyce,Byatt,jbyatthy@yelp.com,604-997-1423
648,Sully,MacCorkell,smaccorkellhz@hubpages.com,679-422-8246
649,Ealasaid,Knellen,eknelleni0@gmpg.org,445-798-5920
650,Catlee,Milmoe,cmilmoei1@google.com,477-149-6480
651,Ethyl,Heasly,eheaslyi2@blogger.com,851-138-5150
652,Bartlet,Troop,btroopi3@wix.com,772-741-1728
653,Corrie,Cholwell,ccholwelli4@prweb.com,820-478-2600
654,Imojean,Merrien,imerrieni5@statcounter.com,587-266-5937
655,Ruthie,Lax,rlaxi6@fda.gov,197-554-1922
656,Lorne,Wimbridge,lwimbridgei7@dyndns.org,986-269-3275
657,Kiri,Mitchenson,kmitchensoni8@sciencedaily.com,447-619-7244
658,Ariel,de Amaya,adeamayai9@google.es,335-275-4740
659,Kristopher,Rens,krensia@dot.gov,235-900-7661
660,Dunn,Ubank,dubankib@liveinternet.ru,569-586-0610
661,Sonja,Seger,ssegeric@tripod.com,134-860-8528
662,Agnes,Zanioletti,azaniolettiid@pbs.org,473-907-5729
663,Jandy,Gillions,jgillionsie@jigsy.com,178-518-5331
664,Fleming,Blay,fblayif@hubpages.com,972-364-7277
665,Jeremias,Doherty,jdohertyig@unblog.fr,710-832-1117
666,Marshall,Smoote,msmooteih@sfgate.com,478-505-6402
667,Kerrill,Harland,kharlandii@freewebs.com,374-725-9334
668,Verine,Hansbury,vhansburyij@geocities.jp,822-251-2191
669,Virge,Harrington,vharringtonik@redcross.org,533-669-1230
670,Bruis,Dowdle,bdowdleil@bizjournals.com,199-147-9335
671,Ann,Benois,abenoisim@ox.ac.uk,753-947-6616
672,Mikkel,Capron,mcapronin@cdc.gov,410-800-9656
673,Iggie,Fernely,ifernelyio@bbb.org,120-443-0799
674,Daisey,Lavalle,dlavalleip@yahoo.co.jp,961-309-1856
675,Ashla,Gowdridge,agowdridgeiq@wired.com,839-370-3317
676,Kassi,Coyle,kcoyleir@t-online.de,255-422-7191
677,Renell,Morigan,rmoriganis@mac.com,224-603-9724
678,Helaine,Wolfit,hwolfitit@smugmug.com,955-340-5957
679,Marvin,Matton,mmattoniu@jigsy.com,897-908-8764
680,Cecilius,Leupold,cleupoldiv@ft.com,926-666-3784
681,Wally,Mortell,wmortelliw@angelfire.com,731-978-1993
682,Shelton,Ladel,sladelix@nationalgeographic.com,485-333-5302
683,Lizabeth,Cords,lcordsiy@ox.ac.uk,746-164-6802
684,Brok,McQuaide,bmcquaideiz@wired.com,845-234-9298
685,Traver,Dongles,tdonglesj0@google.it,651-145-0970
686,Fredrika,Siggins,fsigginsj1@opensource.org,522-688-8686
687,Martie,Tamburi,mtamburij2@prlog.org,567-362-6730
688,Calypso,Fiorentino,cfiorentinoj3@sakura.ne.jp,750-936-2925
689,Gabriella,Stanners,gstannersj4@miibeian.gov.cn,271-266-6287
690,Gavin,Giorgi,ggiorgij5@archive.org,208-527-4326
691,Munmro,Ransley,mransleyj6@usatoday.com,113-466-5789
692,Alasdair,Cowpe,acowpej7@e-recht24.de,792-797-1532
693,Joceline,Dinis,jdinisj8@uiuc.edu,256-601-3837
694,Nero,Milthorpe,nmilthorpej9@nhs.uk,827-573-1142
695,Jodie,Stowe,jstoweja@yahoo.co.jp,460-577-1379
696,Nichol,Orrah,norrahjb@ox.ac.uk,480-629-4627
697,Blair,Purser,bpurserjc@wisc.edu,982-682-0772
698,Timoteo,Teers,tteersjd@reference.com,616-309-1406
699,Amelita,Howarth,ahowarthje@sitemeter.com,461-286-7263
700,Jolene,Gane,jganejf@wp.com,508-214-5864
701,Ellynn,de Glanville,edeglanvillejg@hexun.com,447-525-3697
702,Carlotta,Hamberston,chamberstonjh@wikispaces.com,820-235-0764
703,Indira,Antonsen,iantonsenji@cam.ac.uk,722-951-2069
704,Gertie,Osmint,gosmintjj@apple.com,261-371-0887
705,Valdemar,Mc Caghan,vmccaghanjk@goo.ne.jp,321-944-3762
706,Cull,Cawdell,ccawdelljl@fotki.com,951-841-9509
707,Gradey,Annon,gannonjm@infoseek.co.jp,934-906-1313
708,Dasha,Wiggam,dwiggamjn@ebay.com,289-230-6688
709,Luci,Skill,lskilljo@usnews.com,426-760-8061
710,Jamesy,Charlwood,jcharlwoodjp@shareasale.com,241-717-3798
711,Horace,Bamsey,hbamseyjq@symantec.com,652-162-7577
712,Alex,Tippings,atippingsjr@irs.gov,780-237-4949
713,Timoteo,Balthasar,tbalthasarjs@npr.org,739-680-6337
714,Greta,Gagie,ggagiejt@reddit.com,389-960-2162
715,Elwira,Rabjohn,erabjohnju@mtv.com,881-915-6652
716,Arlen,Hoyte,ahoytejv@artisteer.com,718-429-5852
717,Nike,Jakubowsky,njakubowskyjw@about.com,343-639-5497
718,Sullivan,Twinbrow,stwinbrowjx@ucoz.ru,796-307-9908
719,Faunie,Jinkinson,fjinkinsonjy@dailymail.co.uk,870-451-3877
720,Issi,Burchfield,iburchfieldjz@theatlantic.com,123-807-3847
721,Allyn,Kelloway,akellowayk0@51.la,386-913-9665
722,Francyne,Bellelli,fbellellik1@cbslocal.com,352-445-3082
723,Lyndsey,Pirouet,lpirouetk2@wix.com,261-844-1655
724,Wolfy,Saxelby,wsaxelbyk3@japanpost.jp,201-835-5474
725,Tim,Tizzard,ttizzardk4@mit.edu,662-123-7431
726,Dody,McBean,dmcbeank5@census.gov,526-732-8641
727,Dav,Hughlock,dhughlockk6@businessinsider.com,312-544-1007
728,Annabella,Aprahamian,aaprahamiank7@stanford.edu,910-421-5373
729,Rory,Wodham,rwodhamk8@de.vu,443-264-3373
730,Obidiah,Brazur,obrazurk9@usnews.com,257-963-4990
731,Giustino,Gheorghe,ggheorgheka@washingtonpost.com,315-851-7008
732,Shandeigh,Monkton,smonktonkb@answers.com,307-136-8504
733,Jethro,Eadie,jeadiekc@nps.gov,108-633-4008
734,Angelica,McQuillin,amcquillinkd@google.nl,169-464-0561
735,Fayth,Moraleda,fmoraledake@umich.edu,824-380-8442
736,Bertie,Stonhard,bstonhardkf@independent.co.uk,738-609-9209
737,Albertina,Wolfart,awolfartkg@amazonaws.com,861-368-7920
738,Corine,Jankovic,cjankovickh@deviantart.com,644-175-7022
739,Brantley,Ramm,brammki@rakuten.co.jp,834-621-6315
740,Berrie,Alvis,balviskj@columbia.edu,115-559-6374
741,Spenser,Albrooke,salbrookekk@timesonline.co.uk,836-965-7894
742,Yardley,Brant,ybrantkl@symantec.com,419-868-6600
743,Selina,Rayer,srayerkm@thetimes.co.uk,976-111-1765
744,Werner,Dunnett,wdunnettkn@google.cn,281-908-0537
745,Willis,Easlea,weasleako@foxnews.com,341-568-2506
746,Porter,Lardnar,plardnarkp@alexa.com,453-572-6589
747,Dietrich,Tynemouth,dtynemouthkq@digg.com,612-564-7003
748,Deonne,Ditter,dditterkr@elegantthemes.com,778-843-6571
749,Morten,Trenbay,mtrenbayks@diigo.com,466-954-5913
750,Barton,Heditch,bheditchkt@ustream.tv,445-380-5152
751,Vivyanne,Scherer,vschererku@csmonitor.com,380-645-8458
752,Van,Lemmen,vlemmenkv@census.gov,461-240-8908
753,Benedick,Cowterd,bcowterdkw@over-blog.com,267-657-1153
754,Lark,Crowcroft,lcrowcroftkx@pbs.org,638-961-4011
755,Margalit,Higgoe,mhiggoeky@taobao.com,538-800-6502
756,Gaile,Guitton,gguittonkz@surveymonkey.com,570-545-6800
757,Daphne,Lenchenko,dlenchenkol0@istockphoto.com,767-389-8700
758,Jecho,Magor,jmagorl1@seesaa.net,242-175-1930
759,Cynthia,Fulcher,cfulcherl2@ameblo.jp,888-150-3721
760,Kerwin,Cannell,kcannelll3@eepurl.com,278-841-2579
761,Rheta,Jodkowski,rjodkowskil4@statcounter.com,328-682-9819
762,Maddy,Aggio,maggiol5@qq.com,475-181-2157
763,Eleanora,Yakob,eyakobl6@discuz.net,325-139-1486
764,Zarah,Baudy,zbaudyl7@typepad.com,679-692-6555
765,Robers,Segebrecht,rsegebrechtl8@nps.gov,315-983-4939
766,Kelly,Camus,kcamusl9@weibo.com,669-542-7845
767,Ted,Juszczyk,tjuszczykla@g.co,592-853-0170
768,Damaris,Fenich,dfenichlb@columbia.edu,944-375-6372
769,Gavra,Vonderdell,gvonderdelllc@hatena.ne.jp,753-873-8372
770,Jerrold,Leethem,jleethemld@1und1.de,934-153-0090
771,Woodrow,Salkeld,wsalkeldle@printfriendly.com,674-625-8356
772,Else,Muttock,emuttocklf@bloglovin.com,975-156-5978
773,Flora,Chastelain,fchastelainlg@infoseek.co.jp,120-820-9453
774,Lise,Ainger,laingerlh@salon.com,302-504-0950
775,Marylou,Rawle,mrawleli@apple.com,219-491-3094
776,Gregg,Breyt,gbreytlj@yellowbook.com,285-850-5608
777,Brose,Pagnin,bpagninlk@alexa.com,781-679-1389
778,Chevy,Englefield,cenglefieldll@yandex.ru,700-715-7618
779,Correna,Goodnow,cgoodnowlm@studiopress.com,546-898-5340
780,Culver,Castagne,ccastagneln@dell.com,892-571-0209
781,Lillis,Samson,lsamsonlo@ovh.net,796-291-9474
782,Cinnamon,Gibby,cgibbylp@fc2.com,451-851-6269
783,Alysia,Laxton,alaxtonlq@yahoo.co.jp,794-501-6039
784,Shandra,Tremblay,stremblaylr@sitemeter.com,809-149-7108
785,Petr,Remer,premerls@umich.edu,490-756-4739
786,Gertie,Maloney,gmaloneylt@tamu.edu,454-253-1010
787,Nigel,Scola,nscolalu@businessinsider.com,876-943-0455
788,Dela,Rozzell,drozzelllv@facebook.com,870-955-3892
789,Abra,Woolfoot,awoolfootlw@elpais.com,109-436-8426
790,Frances,Cokayne,fcokaynelx@hao123.com,271-249-1585
791,Percival,Jerrams,pjerramsly@shop-pro.jp,162-560-3290
792,Loralyn,von Grollmann,lvongrollmannlz@cdbaby.com,587-850-0885
793,Valentine,Lasham,vlashamm0@homestead.com,897-825-2500
794,Riannon,Burrill,rburrillm1@example.com,255-870-4194
795,Adda,Cana,acanam2@japanpost.jp,560-585-8201
796,Orelee,O'Sheeryne,oosheerynem3@mapquest.com,398-842-2296
797,Galvin,Adrien,gadrienm4@springer.com,991-216-8736
798,Emilio,Fishlock,efishlockm5@noaa.gov,970-511-2874
799,Rubia,George,rgeorgem6@paypal.com,169-490-6574
800,Osbert,Langwade,olangwadem7@walmart.com,981-360-6738
801,Eustace,Trevan,etrevanm8@bloomberg.com,846-517-2926
802,Lowell,Halladay,lhalladaym9@technorati.com,884-614-8644
803,Garner,Karpushkin,gkarpushkinma@desdev.cn,865-638-5961
804,Lenee,Bechley,lbechleymb@shop-pro.jp,395-142-5098
805,Elly,Martinho,emartinhomc@ebay.co.uk,221-151-6740
806,Nada,Dochon,ndochonmd@domainmarket.com,912-508-1230
807,Bary,Jurgensen,bjurgensenme@spotify.com,561-846-4524
808,Tome,Banton,tbantonmf@prnewswire.com,862-153-4489
809,Marvin,Mongan,mmonganmg@wired.com,469-328-4657
810,Jacquette,Henstone,jhenstonemh@multiply.com,840-805-7439
811,Kristofor,Barnes,kbarnesmi@admin.ch,735-505-0490
812,Darlleen,Sidnell,dsidnellmj@google.de,736-407-0449
813,Winna,Gruby,wgrubymk@vkontakte.ru,518-584-0024
814,Wally,Banton,wbantonml@constantcontact.com,952-207-8039
815,Ralina,Dewhurst,rdewhurstmm@imageshack.us,614-412-9110
816,Alis,Ilyas,ailyasmn@economist.com,138-883-7274
817,Kenneth,Sclanders,ksclandersmo@noaa.gov,118-459-4553
818,Francene,Guidetti,fguidettimp@ucoz.com,839-384-4653
819,Winna,Tupp,wtuppmq@yolasite.com,205-412-9987
820,Barty,Akett,bakettmr@bbc.co.uk,298-747-4024
821,Julian,Jime,jjimems@de.vu,842-442-1122
822,Hadlee,Malamore,hmalamoremt@cnbc.com,300-251-2936
823,Marvin,Drohan,mdrohanmu@cdc.gov,316-289-9876
824,Michal,Matis,mmatismv@time.com,326-918-2573
825,Brandie,Armor,barmormw@nasa.gov,197-592-4763
826,Tiffy,Batterton,tbattertonmx@berkeley.edu,478-645-5072
827,Elnar,Headford,eheadfordmy@telegraph.co.uk,706-590-3301
828,Simmonds,Batho,sbathomz@plala.or.jp,307-427-7781
829,Arlinda,Quillinane,aquillinanen0@barnesandnoble.com,978-512-1419
830,Irv,Arnow,iarnown1@issuu.com,245-710-9819
831,Goldarina,Dingwall,gdingwalln2@blog.com,671-379-0841
832,Shelley,Allison,sallisonn3@fc2.com,640-602-0448
833,Truman,Pavlov,tpavlovn4@i2i.jp,822-955-1879
834,Adham,Ingyon,aingyonn5@yahoo.co.jp,243-277-5972
835,Delano,Pickerin,dpickerinn6@soundcloud.com,352-208-6720
836,Justen,Schober,jschobern7@arstechnica.com,445-228-7607
837,James,Bazek,jbazekn8@taobao.com,647-498-4118
838,Tybalt,Pointer,tpointern9@wired.com,552-897-9069
839,Darsie,Greeson,dgreesonna@last.fm,117-156-0126
840,Sissie,Nuccitelli,snuccitellinb@plala.or.jp,906-739-1078
841,Carry,Autrie,cautrienc@prnewswire.com,890-180-0036
842,Rudy,Longhorne,rlonghornend@rakuten.co.jp,579-479-5811
843,Atlante,McGinnell,amcginnellne@joomla.org,159-762-8520
844,Flossi,Robley,frobleynf@prnewswire.com,328-926-0289
845,Koressa,Klima,kklimang@umn.edu,601-596-6638
846,Edouard,Klimentov,eklimentovnh@epa.gov,834-968-1553
847,Francklin,Makey,fmakeyni@histats.com,623-159-5201
848,Dinah,Halloran,dhallorannj@nsw.gov.au,205-135-7979
849,Ellynn,Windibank,ewindibanknk@furl.net,286-112-9427
850,Casey,Huison,chuisonnl@wiley.com,359-665-2153
851,Tobe,Chessel,tchesselnm@wikispaces.com,838-697-7219
852,Dorry,Kindall,dkindallnn@ftc.gov,911-696-3036
853,Chevy,Redgewell,credgewellno@msn.com,674-787-9271
854,Nicoli,Gartin,ngartinnp@angelfire.com,185-554-2475
855,Norby,Cobbledick,ncobbledicknq@usnews.com,802-897-2682
856,Krysta,Callaway,kcallawaynr@washington.edu,694-359-6672
857,Loreen,Forsard,lforsardns@opensource.org,869-376-8886
858,Nappy,Brient,nbrientnt@reverbnation.com,939-583-5307
859,Cleveland,Iannuzzelli,ciannuzzellinu@tumblr.com,352-871-6147
860,Larina,McGillivrie,lmcgillivrienv@slideshare.net,982-417-4046
861,Teodoor,Thames,tthamesnw@telegraph.co.uk,496-140-3964
862,Jessie,Congdon,jcongdonnx@google.co.jp,806-764-7684
863,Beale,Elsy,belsyny@nbcnews.com,786-472-0764
864,Isak,Pedrozzi,ipedrozzinz@deliciousdays.com,225-437-2047
865,Boot,Cano,bcanoo0@discovery.com,446-387-3145
866,Rhodia,LAbbet,rlabbeto1@wisc.edu,355-852-9445
867,Greg,Fawdry,gfawdryo2@symantec.com,572-239-6904
868,Raynell,Burfoot,rburfooto3@home.pl,645-183-0232
869,Madeleine,Bouldstridge,mbouldstridgeo4@ca.gov,918-760-7605
870,Herrick,Bruggen,hbruggeno5@hexun.com,991-558-3023
871,Tarah,Francescozzi,tfrancescozzio6@independent.co.uk,239-740-6758
872,Jennine,Meysham,jmeyshamo7@ycombinator.com,274-799-3866
873,Maggie,Irvin,mirvino8@artisteer.com,635-853-4377
874,Bernie,Tulleth,btulletho9@dailymail.co.uk,933-583-0876
875,Sal,Warlton,swarltonoa@networksolutions.com,622-702-1642
876,Earle,Khosa,ekhosaob@google.it,205-146-0177
877,Filmore,Tarborn,ftarbornoc@mlb.com,412-922-3072
878,Rozalie,Gager,rgagerod@nbcnews.com,469-900-4267
879,Loella,Mangon,lmangonoe@princeton.edu,882-533-8139
880,Dora,Scullin,dscullinof@feedburner.com,658-975-8601
881,Greg,Gear,ggearog@so-net.ne.jp,569-946-5171
882,Brandais,O'Shiel,boshieloh@edublogs.org,505-290-9566
883,Webster,Borrett,wborrettoi@wired.com,963-316-9039
884,Millisent,Stoddart,mstoddartoj@exblog.jp,517-211-4041
885,Gaylord,Rowler,growlerok@feedburner.com,821-909-6190
886,Jacklyn,Osant,josantol@delicious.com,756-689-1322
887,Donnie,Mager,dmagerom@w3.org,514-999-0046
888,Paddie,Treneer,ptreneeron@msn.com,276-868-2714
889,Florance,Arnolds,farnoldsoo@w3.org,413-605-5328
890,Minni,Grimble,mgrimbleop@dailymotion.com,988-361-5987
891,Carmine,Stenner,cstenneroq@shareasale.com,594-724-4568
892,Blakelee,Adhams,badhamsor@trellian.com,618-877-6091
893,Hillary,Follis,hfollisos@hc360.com,676-772-0557
894,Florentia,Rogers,frogersot@vistaprint.com,562-807-4171
895,Kinny,Mancer,kmancerou@last.fm,720-943-5594
896,Kristan,Dunseath,kdunseathov@com.com,356-281-2205
897,Grace,Canacott,gcanacottow@hubpages.com,709-108-3557
898,Hermia,Warne,hwarneox@ning.com,101-776-5081
899,Kristan,Samper,ksamperoy@hhs.gov,749-976-1099
900,Danell,Pascoe,dpascoeoz@yellowbook.com,214-243-6244
901,Reena,Capon,rcaponp0@alibaba.com,816-468-1927
902,Ailee,Tulley,atulleyp1@histats.com,369-416-1043
903,Maxy,Eatherton,meathertonp2@nydailynews.com,715-366-6918
904,Weidar,Cocklin,wcocklinp3@house.gov,537-287-5097
905,Wilbur,Reddyhoff,wreddyhoffp4@deliciousdays.com,825-321-4319
906,Kare,Cranham,kcranhamp5@icq.com,132-992-8923
907,Ophelie,Lilley,olilleyp6@prlog.org,280-404-3209
908,Caresse,McCoughan,cmccoughanp7@nydailynews.com,160-239-6151
909,Cass,Kolak,ckolakp8@jimdo.com,967-389-6816
910,Bo,California,bcaliforniap9@uol.com.br,202-109-5023
911,Ursola,Frondt,ufrondtpa@scribd.com,328-918-5411
912,Ginger,Raspel,graspelpb@discovery.com,866-109-4750
913,Finn,Bolle,fbollepc@sun.com,358-984-5058
914,Bradan,Bindin,bbindinpd@t.co,143-526-8141
915,Nesta,Stoggles,nstogglespe@oaic.gov.au,761-736-0434
916,Hillery,Hemshall,hhemshallpf@ning.com,304-365-3440
917,Clementia,Kwietek,ckwietekpg@mapy.cz,330-345-7506
918,Way,Bellard,wbellardph@tiny.cc,215-288-7423
919,Kristos,Klamman,kklammanpi@eventbrite.com,625-907-4330
920,Lewie,Johanssen,ljohanssenpj@bluehost.com,169-484-3792
921,Bernard,Outright,boutrightpk@yellowpages.com,367-385-6103
922,Bradan,Helwig,bhelwigpl@ow.ly,103-226-2008
923,Lock,Shrubb,lshrubbpm@spotify.com,841-637-1391
924,Kalina,Nuth,knuthpn@ibm.com,547-746-7169
925,Aliza,Bansal,abansalpo@admin.ch,327-563-5035
926,Dori,Levee,dleveepp@vkontakte.ru,657-217-5626
927,Millicent,Wrefford,mwreffordpq@posterous.com,625-830-9552
928,Noel,Henze,nhenzepr@ucsd.edu,326-203-7104
929,Zacharias,Sugg,zsuggps@mapquest.com,739-611-2903
930,Glynis,Smead,gsmeadpt@gov.uk,452-248-7615
931,Fowler,Bowling,fbowlingpu@google.co.uk,576-149-2635
932,Grayce,McColl,gmccollpv@omniture.com,836-972-1206
933,Gail,Stibbs,gstibbspw@oaic.gov.au,462-144-2658
934,Ashien,M'Barron,ambarronpx@freewebs.com,739-230-9784
935,Jen,Daice,jdaicepy@hao123.com,473-378-1605
936,Tyler,Gregoire,tgregoirepz@arstechnica.com,732-111-0502
937,Karisa,Merrington,kmerringtonq0@163.com,631-866-3211
938,Tadeo,Faloon,tfaloonq1@lycos.com,216-402-1944
939,Illa,Gaskarth,igaskarthq2@pagesperso-orange.fr,571-200-1230
940,Chandler,Doumerque,cdoumerqueq3@unc.edu,393-166-4421
941,Kristian,Rushworth,krushworthq4@comcast.net,392-994-4992
942,Phillie,Cardinal,pcardinalq5@dailymotion.com,898-759-9622
943,Kassie,Swallwell,kswallwellq6@spotify.com,110-918-5463
944,Stephanus,Dyshart,sdyshartq7@indiatimes.com,494-358-5008
945,Ruddy,Kitcat,rkitcatq8@miitbeian.gov.cn,550-929-5676
946,Dirk,Binney,dbinneyq9@histats.com,288-128-0408
947,Gianni,Graddon,ggraddonqa@biglobe.ne.jp,999-349-7705
948,Henrietta,Browne,hbrowneqb@tripod.com,982-327-9673
949,Moses,Biasioni,mbiasioniqc@census.gov,502-234-7863
950,Tucker,Normabell,tnormabellqd@wp.com,876-474-7430
951,Abbey,Diviney,adivineyqe@posterous.com,308-843-9014
952,Pieter,Strelitzki,pstrelitzkiqf@forbes.com,912-795-4904
953,Roderick,Grzegorzewicz,rgrzegorzewiczqg@macromedia.com,602-686-0617
954,Kerby,Whittlesee,kwhittleseeqh@liveinternet.ru,996-323-7759
955,Petr,Date,pdateqi@oracle.com,698-789-8271
956,Blancha,Eacle,beacleqj@rediff.com,525-504-5921
957,Aldric,Cicculini,acicculiniqk@virginia.edu,562-135-6746
958,Korry,Belliveau,kbelliveauql@stanford.edu,999-773-7299
959,Antonius,Dowty,adowtyqm@amazon.com,397-506-4949
960,Derward,Spada,dspadaqn@mozilla.org,641-875-7492
961,Meara,Lowne,mlowneqo@biglobe.ne.jp,421-939-6497
962,Sarah,Capes,scapesqp@ocn.ne.jp,722-615-8615
963,Guglielma,Tyre,gtyreqq@ibm.com,654-242-8761
964,Annabell,Myatt,amyattqr@jugem.jp,708-580-5375
965,Brok,Byers,bbyersqs@php.net,490-567-2490
966,Lotta,Lissenden,llissendenqt@soundcloud.com,477-695-0108
967,Anna-diana,Speechley,aspeechleyqu@people.com.cn,273-314-5922
968,Michell,Batram,mbatramqv@techcrunch.com,316-912-3421
969,Aldwin,Mee,ameeqw@nymag.com,978-814-9016
970,Averil,Wardlow,awardlowqx@cbslocal.com,895-655-6855
971,Norina,Wasielewski,nwasielewskiqy@gmpg.org,826-664-5688
972,Derwin,Saltrese,dsaltreseqz@amazon.co.jp,272-171-8134
973,Hillel,Woodbridge,hwoodbridger0@ovh.net,566-801-5537
974,Georgia,Zellick,gzellickr1@fc2.com,556-156-0181
975,Basil,Astling,bastlingr2@home.pl,480-256-7337
976,Carolee,Avramow,cavramowr3@networksolutions.com,223-629-2652
977,Welch,Alabastar,walabastarr4@slate.com,838-984-2398
978,Bartel,Ravenhill,bravenhillr5@npr.org,813-152-3802
979,Conchita,Crichmer,ccrichmerr6@ucoz.com,214-116-9213
980,Leoline,Dunley,ldunleyr7@cocolog-nifty.com,457-939-4049
981,Jorey,Gosenell,jgosenellr8@i2i.jp,872-100-0061
982,Augie,Wemm,awemmr9@blogtalkradio.com,586-964-5313
983,Linea,Van Der Walt,lvanderwaltra@go.com,598-530-1136
984,Phyllys,Tuckey,ptuckeyrb@free.fr,891-807-9974
985,Andriana,Cossey,acosseyrc@ovh.net,241-666-1278
986,Myron,Uttermare,muttermarerd@twitter.com,360-556-7684
987,Nadeen,Slafford,nslaffordre@chron.com,317-491-4436
988,Cornie,Marsden,cmarsdenrf@businessinsider.com,582-358-1404
989,Simona,Bodker,sbodkerrg@flickr.com,911-889-1810
990,Florence,Poyner,fpoynerrh@loc.gov,913-781-3524
991,Stewart,Rupprecht,srupprechtri@posterous.com,817-133-7140
992,Kele,Foxten,kfoxtenrj@globo.com,888-344-8502
993,Rene,Bowling,rbowlingrk@studiopress.com,622-670-9089
994,Joey,De Ruggero,jderuggerorl@phpbb.com,311-421-5505
995,Gus,Cranstone,gcranstonerm@wired.com,682-228-1840
996,Kermie,Whylie,kwhyliern@trellian.com,405-383-1971
997,Pammie,Spence,pspencero@wired.com,322-792-0170
998,Leoine,Teml,ltemlrp@github.com,643-134-1230
999,Fawne,Hartshorne,fhartshornerq@cbsnews.com,210-751-0742
1000,Althea,Truter,atruterrr@zdnet.com,435-587-9645
